المرحلة,اسم الكتاب,الحجم (MB)
الإعدادية\الخامس الأدبي,الإنكليزي - الخامس الأدبي.pdf,62.42
الإعدادية\الخامس الأدبي,الاقتصاد - الخامس الأدبي.pdf,3.69
الإعدادية\الخامس الأدبي,التاريخ - الخامس الأدبي.pdf,1.29
الإعدادية\الخامس الأدبي,التربية الإسلامية - الخامس الأدبي.pdf,11.83
الإعدادية\الخامس الأدبي,الجغرافية - الخامس الأدبي.pdf,2.65
الإعدادية\الخامس الأدبي,الحاسوب - الخامس الأدبي.pdf,3.69
الإعدادية\الخامس الأدبي,الرياضيات - الخامس الأدبي.pdf,3.48
الإعدادية\الخامس الأدبي,العربي_ الجزء الأول - الخامس الأدبي.pdf,6.49
الإعدادية\الخامس الأدبي,العربي_ الجزء الثاني - الخامس الأدبي.pdf,2.47
الإعدادية\الخامس الأدبي,الفلسفة وعلم النفس - الخامس الأدبي.pdf,0.83
الإعدادية\الخامس الأدبي,نشاط الإنكليزي - الخامس الأدبي.pdf,78.49
الإعدادية\الخامس العلمي,الأحياء 2025 - الخامس العلمي.pdf,5.53
الإعدادية\الخامس العلمي,الإسلامية 2025 - الخامس العلمي.pdf,7.03
الإعدادية\الخامس العلمي,الحاسوب 2025 - الخامس العلمي.pdf,5.2
الإعدادية\الخامس العلمي,الرياضيات 2025 - الخامس العلمي.pdf,6.77
الإعدادية\الخامس العلمي,العربي_ الجزء الأول 2025 - الخامس العلمي.pdf,6.49
الإعدادية\الخامس العلمي,العربي_ الجزء الثاني 2025 - الخامس العلمي.pdf,4.9
الإعدادية\الخامس العلمي,الفيزياء 2025 - الخامس العلمي.pdf,9.77
الإعدادية\الخامس العلمي,الكيمياء 2025 - الخامس العلمي.pdf,6.52
الإعدادية\الخامس العلمي,فرنسي_ المنهج الجديد 2025 - الخامس العلمي.pdf,33.87
الإعدادية\الرابع الأدبي,الإنكليزي - الرابع الأدبي.pdf,28.16
الإعدادية\الرابع الأدبي,التاريخ - الرابع الأدبي.pdf,2.34
الإعدادية\الرابع الأدبي,التربية الإسلامية - الرابع الأدبي.pdf,2.83
الإعدادية\الرابع الأدبي,الجغرافية - الرابع الأدبي.pdf,2.75
الإعدادية\الرابع الأدبي,الحاسوب - الرابع الأدبي.pdf,2.99
الإعدادية\الرابع الأدبي,الرياضيات - الرابع الأدبي.pdf,7.49
الإعدادية\الرابع الأدبي,العربي_ الجزء الأول - الرابع الأدبي.pdf,3.79
الإعدادية\الرابع الأدبي,العربي_ الجزء الثاني - الرابع الأدبي.pdf,2.09
الإعدادية\الرابع الأدبي,دليل المدرس الإنكليزي - الرابع الأدبي.pdf,28.67
الإعدادية\الرابع الأدبي,علم الاجتماع - الرابع الأدبي.pdf,0.56
الإعدادية\الرابع الأدبي,نشاط الإنكليزي - الرابع الأدبي.pdf,20.7
الإعدادية\الرابع العلمي,الأحياء 2025 - الرابع العلمي.pdf,5.87
الإعدادية\الرابع العلمي,الإسلامية 2025 - الرابع العلمي.pdf,4.37
الإعدادية\الرابع العلمي,الإنكليزي 2025 - الرابع العلمي.pdf,28.16
الإعدادية\الرابع العلمي,الحاسوب 2025 - الرابع العلمي.pdf,2.88
الإعدادية\الرابع العلمي,الرياضيات 2025 - الرابع العلمي.pdf,19.74
الإعدادية\الرابع العلمي,العربي_ الجزء الأول 2025 - الرابع العلمي.pdf,3.79
الإعدادية\الرابع العلمي,العربي_ الجزء الثاني 2025 - الرابع العلمي.pdf,4.43
الإعدادية\الرابع العلمي,الفيزياء 2025 - الرابع العلمي.pdf,9.31
الإعدادية\الرابع العلمي,الكيمياء 2025 - الرابع العلمي.pdf,9.49
الإعدادية\الرابع العلمي,فرنسي_ المنهج الجديد 2025 - الرابع العلمي.pdf,33.87
الإعدادية\الرابع العلمي,نشاط الإنكليزي 2025 - الرابع العلمي.pdf,20.67
الإعدادية\السادس الأدبي,الإسلامية 2025 - السادس الأدبي.pdf,5.48
الإعدادية\السادس الأدبي,الإنكليزي 2025 - السادس الأدبي.pdf,26.46
الإعدادية\السادس الأدبي,الاقتصاد 2025 - السادس الأدبي.pdf,0.66
الإعدادية\السادس الأدبي,التاريخ 2025 - السادس الأدبي.pdf,2.47
الإعدادية\السادس الأدبي,الجغرافية 2025 - السادس الأدبي.pdf,0.92
الإعدادية\السادس الأدبي,الرياضيات 2025 - السادس الأدبي.pdf,2.08
الإعدادية\السادس الأدبي,العربي_ الجزء الأول 2025 - السادس الأدبي.pdf,3.14
الإعدادية\السادس الأدبي,العربي_ الجزء الثاني 2025 - السادس الأدبي.pdf,3.15
الإعدادية\السادس الأدبي,النقد الأدبي - السادس الأدبي.pdf,13.34
الإعدادية\السادس الأدبي,دليل المدرس الإنكليزي - السادس الأدبي.pdf,27.68
الإعدادية\السادس الأدبي,نشاط الإنكليزي 2025 - السادس الأدبي.pdf,18.84
الإعدادية\السادس العلمي,الأحياء 2025 - السادس العلمي.pdf,30.68
الإعدادية\السادس العلمي,الأدب الإنكليزي 2026 - السادس العلمي.pdf,21.4
الإعدادية\السادس العلمي,الإسلامية 2025 - السادس العلمي.pdf,5.48
الإعدادية\السادس العلمي,الإنكليزي 2026 - السادس العلمي.pdf,26.46
الإعدادية\السادس العلمي,الرياضيات 2025 - السادس العلمي.pdf,9.98
الإعدادية\السادس العلمي,العربي_ الجزء الأول 2026 - السادس العلمي.pdf,19.27
الإعدادية\السادس العلمي,العربي_ الجزء الثاني 2026 - السادس العلمي.pdf,18.63
الإعدادية\السادس العلمي,الفرنسي 2026 - السادس العلمي.pdf,14.36
الإعدادية\السادس العلمي,الفيزياء 2025 - السادس العلمي.pdf,16.63
الإعدادية\السادس العلمي,الكيمياء 2025 - السادس العلمي.pdf,4.64
الإعدادية\السادس العلمي,تمارين الأدب الإنكليزي 2026 - السادس العلمي.pdf,0.73
الإعدادية\السادس العلمي,فرنسي_ المنهج الجديد 2025 - السادس العلمي.pdf,33.87
الإعدادية\السادس العلمي,فرنسي_ المنهج القديم 2025 - السادس العلمي.pdf,14.36
الإعدادية\السادس العلمي,نشاط الإنكليزي 2026 - السادس العلمي.pdf,15.13
الابتدائية\الأول الابتدائي,الأخلاقية - الأول الابتدائي.pdf,9.46
الابتدائية\الأول الابتدائي,الإسلامية - الأول الابتدائي.pdf,2.36
الابتدائية\الأول الابتدائي,الإنكليزي - الأول الابتدائي.pdf,14.66
الابتدائية\الأول الابتدائي,الرياضيات - الأول الابتدائي.pdf,16.14
الابتدائية\الأول الابتدائي,العلوم - الأول الابتدائي.pdf,15.86
الابتدائية\الأول الابتدائي,قراءتي - الأول الابتدائي.pdf,5.53
الابتدائية\الثالث الابتدائي,الإسلامية - الثالث الابتدائي.pdf,1.56
الابتدائية\الثالث الابتدائي,الإنكليزي - الثالث الابتدائي.pdf,12.25
الابتدائية\الثالث الابتدائي,الرياضيات - الثالث الابتدائي.pdf,8.52
الابتدائية\الثالث الابتدائي,العلوم - الثالث الابتدائي.pdf,13.38
الابتدائية\الثالث الابتدائي,القراءة - الثالث الابتدائي.pdf,24.06
الابتدائية\الثاني الابتدائي,الإسلامية - الثاني الابتدائي.pdf,26.47
الابتدائية\الثاني الابتدائي,الإنكليزي - الثاني الابتدائي.pdf,21.25
الابتدائية\الثاني الابتدائي,الرياضيات - الثاني الابتدائي.pdf,4.48
الابتدائية\الثاني الابتدائي,العلوم - الثاني الابتدائي.pdf,11.21
الابتدائية\الثاني الابتدائي,القراءة - الثاني الابتدائي.pdf,5.33
الابتدائية\الخامس الابتدائي,الإسلامية - الخامس الابتدائي.pdf,1.87
الابتدائية\الخامس الابتدائي,الإنكليزي - الخامس الابتدائي.pdf,26.42
الابتدائية\الخامس الابتدائي,الاجتماعيات - الخامس الابتدائي.pdf,9.32
الابتدائية\الخامس الابتدائي,الرياضيات_ المنهج الجديد - الخامس الابتدائي.pdf,61.58
الابتدائية\الخامس الابتدائي,العلوم - الخامس الابتدائي.pdf,12.84
الابتدائية\الخامس الابتدائي,القراءة - الخامس الابتدائي.pdf,14.29
الابتدائية\الخامس الابتدائي,القواعد - الخامس الابتدائي.pdf,8.7
الابتدائية\الرابع الابتدائي,الإسلامية - الرابع الابتدائي.pdf,1.13
الابتدائية\الرابع الابتدائي,الإنكليزي - الرابع الابتدائي.pdf,9.36
الابتدائية\الرابع الابتدائي,الاجتماعيات - الرابع الابتدائي.pdf,16.66
الابتدائية\الرابع الابتدائي,الرياضيات - الرابع الابتدائي.pdf,5.38
الابتدائية\الرابع الابتدائي,العلوم - الرابع الابتدائي.pdf,14.21
الابتدائية\الرابع الابتدائي,القراءة - الرابع الابتدائي.pdf,7.46
الابتدائية\الرابع الابتدائي,القواعد - الرابع الابتدائي.pdf,7.85
الابتدائية\السادس الابتدائي,الإسلامية 2024 - السادس الابتدائي.pdf,2.24
الابتدائية\السادس الابتدائي,الاجتماعيات 2024 - السادس الابتدائي.pdf,5.01
الابتدائية\السادس الابتدائي,الرياضيات 2024 - السادس الابتدائي.pdf,12.13
الابتدائية\السادس الابتدائي,العلوم 2024 - السادس الابتدائي.pdf,14.09
الابتدائية\السادس الابتدائي,القراءة 2024 - السادس الابتدائي.pdf,7.89
الابتدائية\السادس الابتدائي,القواعد 2024 - السادس الابتدائي.pdf,14.91
الابتدائية\السادس الابتدائي,تمرينات الرياضيات 2024 - السادس الابتدائي.pdf,1.95
الابتدائية\السادس الابتدائي,نشاط العلوم 2024 - السادس الابتدائي.pdf,1.59
المتوسطة\الأول المتوسط,الأحياء 2025 - الأول المتوسط.pdf,8.42
المتوسطة\الأول المتوسط,الإسلامية 2025 - الأول المتوسط.pdf,3.3
المتوسطة\الأول المتوسط,الإنكليزي 2025 - الأول المتوسط.pdf,24.3
المتوسطة\الأول المتوسط,الاجتماعيات 2025 - الأول المتوسط.pdf,4.12
المتوسطة\الأول المتوسط,الحاسوب 2025 - الأول المتوسط.pdf,10.39
المتوسطة\الأول المتوسط,الرياضيات 2025 - الأول المتوسط.pdf,9.42
المتوسطة\الأول المتوسط,العربي_ الجزء الأول 2025 - الأول المتوسط.pdf,1.82
المتوسطة\الأول المتوسط,العربي_ الجزء الثاني 2025 - الأول المتوسط.pdf,1.85
المتوسطة\الأول المتوسط,الفيزياء 2025 - الأول المتوسط.pdf,7.94
المتوسطة\الأول المتوسط,الكيمياء 2025 - الأول المتوسط.pdf,6.28
المتوسطة\الأول المتوسط,فرنسي_ المنهج الجديد 2025 - الأول المتوسط.pdf,28.98
المتوسطة\الأول المتوسط,نشاط الإنكليزي 2025 - الأول المتوسط.pdf,14.52
المتوسطة\الثالث المتوسط,الأحياء 2025 - الثالث المتوسط.pdf,15.59
المتوسطة\الثالث المتوسط,الإسلامية 2025 - الثالث المتوسط.pdf,3.35
المتوسطة\الثالث المتوسط,الإنكليزي 2025 - الثالث المتوسط.pdf,64.26
المتوسطة\الثالث المتوسط,الاجتماعيات 2025 - الثالث المتوسط.pdf,8.83
المتوسطة\الثالث المتوسط,الرياضيات 2025 - الثالث المتوسط.pdf,12.03
المتوسطة\الثالث المتوسط,العربي_ الجزء الأول 2025 - الثالث المتوسط.pdf,1.74
المتوسطة\الثالث المتوسط,العربي_ الجزء الثاني 2025 - الثالث المتوسط.pdf,1.18
المتوسطة\الثالث المتوسط,الفيزياء 2025 - الثالث المتوسط.pdf,6.03
المتوسطة\الثالث المتوسط,الكيمياء 2025 - الثالث المتوسط.pdf,9.58
المتوسطة\الثالث المتوسط,فرنسي_ المنهج الجديد 2025 - الثالث المتوسط.pdf,28.98
المتوسطة\الثالث المتوسط,فرنسي_ المنهج القديم 2025 - الثالث المتوسط.pdf,14.42
المتوسطة\الثالث المتوسط,نشاط الإنكليزي 2025 - الثالث المتوسط.pdf,57.98
المتوسطة\الثاني المتوسط,الأحياء 2025 - الثاني المتوسط.pdf,3.14
المتوسطة\الثاني المتوسط,الإسلامية 2025 - الثاني المتوسط.pdf,3.78
المتوسطة\الثاني المتوسط,الإنكليزي 2025 - الثاني المتوسط.pdf,26.09
المتوسطة\الثاني المتوسط,الاجتماعيات 2025 - الثاني المتوسط.pdf,5.99
المتوسطة\الثاني المتوسط,الحاسوب 2025 - الثاني المتوسط.pdf,2.82
المتوسطة\الثاني المتوسط,الرياضيات 2025 - الثاني المتوسط.pdf,7.32
المتوسطة\الثاني المتوسط,العربي_ الجزء الأول 2025 - الثاني المتوسط.pdf,5.45
المتوسطة\الثاني المتوسط,العربي_ الجزء الثاني 2025 - الثاني المتوسط.pdf,6.67
المتوسطة\الثاني المتوسط,الفيزياء 2025 - الثاني المتوسط.pdf,5.17
المتوسطة\الثاني المتوسط,الكيمياء 2025 - الثاني المتوسط.pdf,3.76
المتوسطة\الثاني المتوسط,فرنسي_ المنهج الجديد 2025 - الثاني المتوسط.pdf,28.98
المتوسطة\الثاني المتوسط,نشاط الإنكليزي 2025 - الثاني المتوسط.pdf,14.34
